,window,geneModel,start,end,SNP_in_geneModel,ID
0,Scaffold_24083_SNP_9244149,gene 1,19098,20634,True,maker-Scaffold_24083_SNP_9244149-exonerate_est2genome-gene-0.0
1,Scaffold_61262_SNP_4536745,gene 1,24307,25092,False,maker-Scaffold_61262_SNP_4536745-exonerate_est2genome-gene-0.0
2,Scaffold_61434_SNP_8380992,gene 1,16553,21721,True,maker-Scaffold_61434_SNP_8380992-exonerate_est2genome-gene-0.0
3,Scaffold_4057_SNP_1779621,gene 1,19158,28766,True,maker-Scaffold_4057_SNP_1779621-exonerate_est2genome-gene-0.0
4,Scaffold_62050_SNP_2398634,gene 1,227,1673,False,maker-Scaffold_62050_SNP_2398634-exonerate_est2genome-gene-0.0
5,Scaffold_62050_SNP_2398634,gene 2,11114,16070,False,maker-Scaffold_62050_SNP_2398634-exonerate_est2genome-gene-0.1
6,Scaffold_9666_SNP_5105659,gene 1,12343,18354,False,maker-Scaffold_9666_SNP_5105659-exonerate_est2genome-gene-0.0
7,Scaffold_9666_SNP_5105659,gene 2,19225,21893,True,maker-Scaffold_9666_SNP_5105659-exonerate_est2genome-gene-0.1
8,Scaffold_9666_SNP_5105659,gene 3,29372,35927,False,maker-Scaffold_9666_SNP_5105659-exonerate_est2genome-gene-0.2
9,Scaffold_62932_SNP_4009105,gene 1,9271,15022,False,maker-Scaffold_62932_SNP_4009105-exonerate_est2genome-gene-0.0
10,Scaffold_62932_SNP_4009105,gene 2,10459,10771,False,maker-Scaffold_62932_SNP_4009105-exonerate_est2genome-gene-0.1
11,Scaffold_62932_SNP_4009105,gene 3,19522,28225,True,maker-Scaffold_62932_SNP_4009105-exonerate_est2genome-gene-0.2
12,Scaffold_62189_SNP_1927409,gene 1,7695,22596,True,maker-Scaffold_62189_SNP_1927409-exonerate_est2genome-gene-0.0
13,Scaffold_62189_SNP_1927409,gene 2,23357,24270,False,maker-Scaffold_62189_SNP_1927409-exonerate_est2genome-gene-0.1
14,Scaffold_62189_SNP_1927409,gene 3,27132,27541,False,maker-Scaffold_62189_SNP_1927409-exonerate_est2genome-gene-0.2
15,Scaffold_52789_SNP_2593286,gene 1,18081,19087,False,maker-Scaffold_52789_SNP_2593286-exonerate_est2genome-gene-0.0
16,Scaffold_59870_SNP_2152335,gene 1,6025,8787,False,maker-Scaffold_59870_SNP_2152335-exonerate_est2genome-gene-0.0
17,Scaffold_59870_SNP_2152335,gene 2,8780,21105,True,maker-Scaffold_59870_SNP_2152335-exonerate_est2genome-gene-0.1
18,Scaffold_9534_SNP_2850933,gene 1,1,3353,False,maker-Scaffold_9534_SNP_2850933-exonerate_est2genome-gene-0.0
19,Scaffold_63552_SNP_4859480,gene 1,16306,18864,False,maker-Scaffold_63552_SNP_4859480-exonerate_est2genome-gene-0.0
20,Scaffold_17365_SNP_7371028,gene 1,3184,10114,False,maker-Scaffold_17365_SNP_7371028-exonerate_est2genome-gene-0.0
21,Scaffold_17365_SNP_7371028,gene 2,28119,30245,False,maker-Scaffold_17365_SNP_7371028-exonerate_est2genome-gene-0.1
22,Scaffold_23621_SNP_2087672,gene 1,15031,15578,False,maker-Scaffold_23621_SNP_2087672-exonerate_est2genome-gene-0.0
23,Scaffold_23621_SNP_2087672,gene 2,19803,20201,True,maker-Scaffold_23621_SNP_2087672-exonerate_est2genome-gene-0.1
24,Scaffold_62359_SNP_273498,gene 1,9994,23007,True,maker-Scaffold_62359_SNP_273498-exonerate_est2genome-gene-0.0
25,Scaffold_63200_SNP_3462418,gene 1,15051,20071,True,maker-Scaffold_63200_SNP_3462418-exonerate_est2genome-gene-0.0
26,Scaffold_9534_SNP_19598845,gene 1,14791,20976,True,maker-Scaffold_9534_SNP_19598845-exonerate_est2genome-gene-0.0
